,0
0,Funny seeing all the Palmer slander under every 2017 race video now that we love the dude in 2021
1,Shitcedes
2,"I was stood down at Brooklyn's corner for this race, when Seb got his puncture, my dad was the first one to notice and the reaction  from the crowd was hilarious ğŸ˜‚ğŸ˜‚ğŸ˜‚ğŸ˜‚ğŸ˜‚"
3,Seeing Vettel lose is always fun. What a great day.
4,so you had not that mich fun yesterday?
5,4:30
6,"no se si habrÃ¡ algÃºn Argentino acÃ¡, pero a esta carrera fueron a ver Canapino y el padre..."
7,Impossible From FORMULA 1
8,Love Formula 1
9,Can't stand Crofty constantly repeating corners' names. he oes it always on UK GP.
10,Channel Nougetsia Brumblestain
11,"6:13 When Lewis enjoying his champaign by spraying it around, 2 Finns are enjoying their champaigns by drinking in same style and same angle ğŸ¤£ğŸ˜‚ğŸ¤£ğŸ˜‚ğŸ¤£ğŸ‘ŒğŸ¾ğŸ¾ğŸ¥‚"
12,"Nick name TORPEDO,TORPEDO!!!"
13,"The petite ocean astonishingly move because seat correspondingly amuse aboard a madly bow. healthy, three record"
14,"The purple government conceivably check because trouble worryingly remove around a picayune mask. ambiguous, harsh celsius"
15,0:59 looking for these??? I think im the only one looking for that.....
16,Ester thunik
17,ğŸ”¥ğŸ”¥ğŸ”¥ğŸ”¥ğŸ”¥ğŸ”¥ğŸ”¥ğŸ”¥ğŸ”¥ğŸ”¥ğŸ”¥ğŸ”¥ğŸ”¥
18,Miss you Niki
19,2:20
20,interesting
21,Brawo Kimi Raikkonen!!!
22,NOTE: THE 2017 F1 BRITISH GP TOOK PLACE AFTER AIKATSU ON PARADE SEASON 1 EPISODE 18.
23,One two is quite a show
24,Vettel lost 10 points because of puncture and Hamilton luckiesr of all time
25,Ham got the Win but Ferrari might Just stay on podium but the tyre gone Kimi lost it be 4 but Seb fall behind his German mate Hulk
26,ë‚˜ ìš´ì „ë©´í—ˆ ë”¸ë•Œë„ ì˜†ì— ì•„ì €ì”¨ê°€  ìš´ì „ ì¡°ì‹¬í•´ì•¼ê² ë‹¤ê³  ì†ë„ë¥¼ ë„ˆë¬´ ë‚¸ë‹¤ê³  ã…‹ã…‹ã…‹
27,My dream was lolol
28,"2017: Double Ferrari Puncture
2020: Double Mercedes Puncture"
29,"3 Years later, both Mercs had a puncture"
30,Front left tyre flashback
31,Why is Ric always starting from the back on 2017?
32,Same happened in 2020 to hamilton and bottas
33,Karma the 2020ğŸ˜
34,Torpedo crash at british gp in 2020
35,I'm here as Ferrari 2017 British GP=Mercedes 2020 British GP
36,2020
37,"Dns at the start
Kvyat crash
Puncture for both drivers in a team
Max pitting and missing out on a place
This is like 2020ğŸ¤¯ğŸ¤¯"
38,Who's there after Mercedes tyre failures in the last two laps?
39,Pirelli practicing for 2020
40,mercedes at 2020 gp be like
41,Who's back to see Ferrari's catastrophe after Mercedes' one in 2020 in Silverstone?
42,@soupe2000 ğŸ˜‚ğŸ˜‚ğŸ˜‚ ğŸ§‚ğŸ§‚ğŸ§‚ doctor says too much sodium is bad for your health
43,@soupe2000I mean lewis
44,@soupe2000 he is not even good
45,Ppl honestly are dumb
46,Ikr
47,Anyone else here after British GP 2020?
48,Me for some reason
49,Yup
50,Who is here after Mercedes double puncture?
51,Me
52,Soooooo who's here after the 2020 gp
53,Me for some reason
54,Me
55,Who is here after final lap Mercedes double puncture three years later?
56,@Parham Azadi well vettel needet to push. But Ham can just do tiremanagement an is nearly as fast as max
57,@Simone Bolognani lol atleast he didn't lock up like Vettel to puncture his tyre earlier
58,yes but luckhamilton has won it again
59,Who's watching after the 2020 British GP ğŸ‘€
60,"2020 BRITISH GRAND PRIX:
The Prequel"
61,PUNCTURE
62,who's here after this happened to both mercedes at silverstone 2020?
63,2020 was like a 2.0 version of this race. Except it ended well for Mercedes
64,As always
65,From 2020... this shit happened again
66,Who is here after Silverstone 2020 hands up ğŸ‘†ğŸ¾ ğŸ˜…
67,@Shaggy Raggy hi man.
68,ğŸ–
69,@Themes me too after 2020 F1 Tuscan GP.
70,"Damar Fadlan Maybe this year, but as a whole no. Iâ€™d rather watch a good F1 season than a good FE season. Anyway I feel like FE is a bit too much artificially engineered; lots of it is purposefully made exciting instead of rewarding the faster car and driver."
71,@Antony Di Gerlando Formula E season 6 recently is way better than F1.
72,"Hamilton's American accent is so strange, why does he try to pretend to be American, especially when talking to the British fans!?"
73,are you American? because thats no American accent
74,"04:21 only for Italians:

""Questo e un punto di merda"""
75,"*I will not be 'cheering' in 2020 for Lewis Hamilton, who has **-subjugated-** coerced his MercedesTeam (40,000+ Slaves/Unpaid Forced Labour during WW2) to Paint his car BLACK, and no doubt this coming weekend (4th/5th July) the Drivers and maybe others will be performing the stunt of **_'Taking The Knee'_** and demonstrating F1's support for 'Black Lives Matter' - KEEP POLITICS OUT OF SPORT. BLM is an Evil Anarchist organisation whose primary aims are to Defund the Police, Abolish Prisons and release all Inmates and endeavor to topple 'Capitalism' and that's just the start. In the meantime Lewis can isolate in Switzerland, Monaco or many other locations, although no doubt states Monaco as his principal residence as totally TAX FREE. Note pays not a single penny in UK Tax where he grew up and offered him this great opportunity. Current Worth at least $285 Million in spite of spending many Millions on properties around the World. Please Lewis look up on your free 'SmartPhone' BLM Website' what this stands for and like Keir Starmer and the UK Premier League have just realised.*"
76,@Alnitak dÃ©jÃ  vu
77,You're so fucking stupid i'm not sure i could get through to you.
78,Literally no one asked
79,where is ricciardo's overtake on hulkenberg?
80,Watching this 2017 British GP highlights waiting for Sunday in 2020 ğŸğŸ
81,@A Bored Person yup i already know that.
82,Did you know something we didn't?ğŸ¤”ğŸ¤”ğŸ¤”ğŸ¤”
83,"I find it hilarious that this is such a big thing that people watch.  
And who am I?  I am people too.  I f*ing love it|!"
84,"2 non skippable 15 second ads to watch this.....suck my dick, yt"
85,"NOOOOOOOO Hamilton
YESSSSSSS VERSTAPPEN"
86,"Palmer: out before even start

Karma: *giggles*"
87,no not the lh
88,2:08 Leclerc in the center
89,"What a drag for Jolyon Palmer!!! What was the problem? Renault, wth? Never seen the DNS (did not start) designation before... weird!!!"
90,"Awww, Niki."
91,44
92,The Torpedo.
93,"6:10 
You can see me trying to get a glimpse of the podium celebration!!ğŸ˜‚"
94,"ğŸ”¥ 
 ğŸğŸğŸI recommend that you look through to the endğŸï¸ğŸï¸ğŸï¸ 
 1:44 ğŸ’›ğŸ’ğŸ§¡ 
  ğŸ‘‡ ğŸ‘‡ğŸ’Ÿ"
95,F1 is boring. All the same car ..
96,*2:09** U can see Leclerc*
97,and kvyat isnt gets kicked from f1 lol
98,"que pesadilla Ham, va dÃ³nde va son los mejores fans, cÃ³mo los payasos que dicen siempre que son el mejor pÃºblico del Mundo"
99,2.09 leclerc
100,joyilon spins out before race  starts also joyilon gets out of car commentator a aborted start
101,Minimal talking.
102,GtÃŸuatez
103,ğŸ˜šğŸ’frsuarez
104,Okrgfrsuarft
105,"HAMILTON DID A GREAT JOB . 
BOTTAS ON ONE HAND FOUGHT FROM THE BACK TO 2ND . AWESOM!!!"
106,'the back'    dude plzzzz he was 9th.
107,2019 here?
108,Well I've started watching F1 recently..... Can anyone tell me where was charles Leclerc in 2016-17?
109,In F3 and F2
110,"LOL, at 2:09 you can actually see Charles Leclerc in the background inside Ferrari's box. Grew up just fine!"
111,Lol
112,The ferrari drivers took their tires out of the race # timepenelty
113,"4:19 ""Puta madre..."""
114,Meu sonho Ã© ver uma corrida
115,4:12 lockup VettelğŸ˜‚ğŸ˜‚ (British GP 2019)
116,Good  job  hamlton
117,WHY IS IT THAT YOU ALL DO SHOW ANY RACES OR HIGH LIGHTS FROM THE 2015-2016 F1 SEASON?
118,2:09 leclerc was here
119,0:25 Max Verrstappen juuling with Sebastian Vettle
120,You guys need to watch this the newest Ford v. Ferrari movie trailer https://youtu.be/99svIhSWqfM and support me thank you
121,Loved seeing lauda in the pits again. RIP
122,"Lewis was first
Bottas was fourth
Ferrari double puncture
Mercedes 1-2."
123,4:50 anyone hear Paul Di resta say the tyre is fucked
124,Go vettel go vettel ğŸ˜¤ğŸ˜¤ğŸ˜¤ğŸ˜¤
125,"Hamilton legend 
Jawa timur 29 juni 2019"
126,"Haha, karma hit vettel hard this race"
127,Chris keep crying.
128,Some say there was an air rifle toting Mercedes ultra fanatic hiding between the grandstands on the old pit straight....
129,This is the best grand prix Iâ€™ve seen today
130,"""he was in 6th place... he is in 5th place""
hahaha that commentary"
131,god i love lewis's 2017 helm
132,This is gonna be great 2019
133,*5:45** The legend NIKI LAUDA... R.I.P GREAT CHAMPION !!!*
134,Whoever was behind Palmer must of had a good start
135,Winning at home under pressure yep let the national anthem play Lewis let it play till Vettel knows it by heart
136,Did you guys see at 5:45 niki lauda
137,So much more pleasant without the halos..
138,I favourite pilot is Ricciardo
139,"something about F1 racing just doesn't seem fair.

Why are the mercades cars so much faster (powerful).

And does anyone notice how many ""coincidences"" there are.... like both of ferarri's wheels going out like that at the same time. I've seen this happen with engine parts multiple times....

Is it just more likely that the issue that happens on a car will happen on a like car? Is it cuz the team works on both cars and fucked the same thing up in each due to doing exactly the same to both!?

Why do certain teams at the top never seem to have these issues like others do."
140,Niki Lauda at 5:45
141,R.I.P Niki...
142,Kimi was awesome this weekend. Owned Seb in quali and race and blocked Verstappen masterfully at the start. Shame about the puncture.
143,"Honda engine shoukd be ban, they are fucking worst"
144,"6.17 Valtteriâ€™s legs are shaking, he almost fell of the podiumğŸ˜‚ğŸ˜‚"
145,Anyone else notice Mcqueen and Storm in the pit lane?
146,PalmerğŸ˜‚
147,Mercedes Planted Spikes for the Ferraris
148,Congrats to Lewis Hamilton ğŸ˜ğŸ¤©ğŸ˜˜
149,2:26 look at vettels hand
150,I saw niki loada
151,Video Frumos
152,You couldn't even turn up on the streets to entertain your home fans. Where were you? Partying abroad!
153,"max needs to tone it down a lot, complains about drivers doing what he does to them"
154,Ricciardo is the real legend!!! Fuck Hamilton and fuck his rich team...he s so happy for all his winnings but he is shit...in reality his car is winning for him..I drive better than Hamilton...
155,4:12 vettel cut the corner
156,REDEMPTION!!!!  Even with the specially designed Mercedes tyres Vettel is the faster driver!!!  *******  FIA!  Forza Ferrari
157,Who's watching this just to watch the 2018 grand prix highlights?
158,Best fans only when Hamilton wins ğŸ˜‚ He forgot his best fans when he got P2
159,"Things have changed a bit, one year later :P"
160,THANK GOD!!!
161,Grosjean crash ........not today â³
162,RK 22 oh yes
163,"""minimal talking"""
164,"I don't know why people say that it is great drive by someone who recovers from down the grid like ricciardo did. He has a fucking fast car. Of course he's gonna recover those lost positions. If he was able to do that in a car other than that of the top teams then it would've been commendable. Put him in a Mclaren and then see if recovers those positions or not. Everytime I see something like this, it makes me mad."
165,Hater.
166,Cri Haas didn't deliver after a Q3 showing. Come onnn guys.
167,I miss the old days there somebody else as Hamilton could win...
168,#blessed
169,Who else is watching this before the 2018 Silverstone GP?
170,So did u watch this race after british 2020 grand prix
171,im watching this before the 2017 season...
172,"4:20 you can read ""puta madre"" off of Arrivabene's lips ğŸ˜‚ğŸ˜‚"
173,omg the cars look so much different now without the halo
174,@Nixer Doyle I do agree. My additional comment was simply an Asterix for whoever may have believed it to be an issue.
175,"@Chris K In three seasons the _one_ potentially reasonable criticism of the halo before its introduction -- impeding driver visibility -- has not once been reported. And it's saved at least one life, for sure. No halo and RoGro would've been killed. It's highly likely that if it hadn't been for the halo, Charles at Spa in 2018 would have suffered life-changing injuries at the very least."
176,"Grosjean would not survive in Bahrain, if there was no Halo..."
177,I might be the odd one out but I actually love the accent the halo adds to the car. It's unfortunate that it hampers the visibility though but the safety benefits are undoubtedly important.
178,1:11
179,WTF happened to Ferarri tyres.
180,Crashes and failure are not the highlight... Overtakes and brilliant moves and fastest pace are...
181,BASTARDS!!!
182,à¹€à¹€à¸£à¸‡à¸ªà¸¸à¸”à¹†à¹„à¹†à¹†
183,Oh poor Nando
184,4:11 What Caused the Puncture
185,Look how verstappen  cut the corner
186,ha ha
187,This race destroyed vettels huge advantage.This is Formula1 people
188,Ferrari has goodluck lol
189,What a ridiculous team radio messages of Hamilton
190,"Kimi - ""F**k, my left front tire, it broke"" LOL"
191,Kimi is the king of team radios!!!
192,itâ€™s lights out and away we go- commentator
193,"All I want for Christmas is a ""Crofty stop SHOUTING"" kit"
194,We have got the best fans here! xD
195,Jhgvc. C
196,Carrera muy rara para Ferrari
197,Very pity Carlos Sainz with his crush of car.
198,What a boring race nothing special about that
199,Valtteri Bottas wins the British Grand Prix!
200,Hamilton makes me laugh he said the British are the best fans but then at monza he says the Italian fans are the best guys so fake man
201,Monza fans are obviously the best... Hamilton is a prick as he always is
202,Amazing!!!!
203,"Ferrari poor strategy
it boemerang to them"
204,Di Resta is the best
205,Best race of the season... but I might be biased being British
206,q ac
207,Some mercedes fan stabbed ferraris front lefts when noone was looking
208,"https://pasteboard.co/H5wanv7.png

How is this not a corner cut(2:27 by vettel)and in USA max was a corner cut? FIA=ferrari international assistance confirmed"
209,"Bottas fan here, that was an awesome 1/2 punch for my favorite team on this dayğŸ‘ğŸ‘ğŸ‘ğŸ‘ğŸ‘ğŸ‘ğŸ‘ğŸ‘ğŸ‘ğŸ‘ğŸ‘ğŸ‘ğŸ‘ğŸ‘ğŸ‘ğŸ‘ğŸ‘ğŸ‘ğŸ‘ğŸ‘ğŸ‘ğŸ‘ğŸ‘ğŸ‘ğŸ‘ğŸ‘ğŸ‘ğŸ‘ğŸ‘"
210,What was Nikki Lauda @ 5:45 doing in mercedes team not ferrari? am i missing something?
211,You haven't been following F1 for a long time have you?
212,CROFTY'S CRACKING VOICE IS THE BEST.
213,Verstappen doesn't care where the track is
214,at 5:44 is Niiki lauda
215,RICARDO!!!!
216,Verstappen 18yo and has more balls than everybody
217,Wow the fans were great at Silverstone
218,Lewis Hamilton is the GOAT
219,is that woody harrelson? 2:08
220,201^8 will be crazy! Hamilton vs Vettel
221,2:10 dude is that Woody Harrelsson
222,FOR LEWIS
223,AND THE CHEERS AGAIN LIKE SINGAPORE
224,DID YOU HEAR THE CRUNCHING OF THE PUNCTURE
225,2:34 is that Tim peake
226,COTS OR COPS CORNER
227,2:08 Is that Woody fucking Harrelson?
228,Is Lewis unbeatable?
229,c'est fabuleux.
230,If Verstappen keeps it up one day he is going to be world champion....a very exciting driver
231,"Vettel pushed Verstappen off the track, so Verstappen did the same thing to Vettel the next corner, but apparently Vettel was not happy about it. LOL"
232,The real winner is Ricciardo!
233,Why is the Honda engine so shit?
234,How many times have i heard nandos engineer
235,don't think raikkonen was happy with third 6:11
236,5.45 Nicki Lauda
237,The entire stand at Luffield pissed themselves laughing when Palmer pulled over.
238,Add this to Formula 1
239,I was there
240,Ğ½ĞµĞ²ĞµĞ·ÑƒÑ…Ğ°))
241,Palmer is shit.
242,"""Minimal talking"" - yeh you need maximum concentration to finish ahead of two guys with punctures?!?"
243,ĞœĞµÑ€ÑĞµĞ´ĞµÑ ÑÑƒĞ¿ĞµÑ€
244,Haha BOAT A$$ go Ferrari!
245,Es hat Zeiten gegeben da waren die Fahrer fix und fertig auf dem Podium! Und hier rapt Hammelton aufs Podest und ist frisch und munter. Soviel zur anstrengenden neuen Formel 0 (Ã¤h)1.
246,4:12 heavy braking 5:10 easy loosing
247,Thank God Verstappen didn't finish 18th
248,The commentator made me enjoy this more than I should've haha
249,"Not interesting, seen from the viewer just not many who want to watch"
250,the Somalian won what a shame
251,Thanks for the upload mate ğŸ‘ğŸ‘ğŸ‘ğŸ‘ğŸ‘ğŸ‘ğŸ‘ğŸ‘ğŸ‘ğŸ‘ğŸ‘ğŸ‘ğŸ‘
252,Of course the ferraris break down
253,What track is this?
254,"if Hamilton pole win fastest lap and lead every lap in next race mean Hamilton same the Ascari , Clark , And Vettel record is consecutive grand chlem  , same Ascari and Schumacher record is most top trick in a season and same the Schumacher record is most pole position"
255,always get less views when mercs win.
256,http://pelopinxo97.blogspot.com.es/2017/07/mi-parrilla-de-formula-1-perfecta-para.html
257,Indonesia
258,"I dont like F1. No overtake,no slide,no burn diskbrake. No rear whell streering. Boring race. I like  motogp."
259,Beiber  won
260,Who's that guy always screaming from commentary box? Fun..ing enjoying voice
261,"Enginer : Great job !
Bottas : Minimum talking !

...lol..."
262,You should start posting full qualifying and races like the WEC and Indycar does (and many other race series).
263,"""Great job!""....
""Minimal talking"" 
Savage afğŸ˜"
264,Belgium 2015 4 vettel again
265,Good!
266,McLaren needs to drop Honda already....
267,Vettel is getting out of hand. He is driving like an absolute fucktard. He doesn't give a shit about rules.
268,It's hammer time
269,"It's a bad day for Ferrari, but he's always strong, they want to stop Ferrari every year."
270,#nohalo
271,Good race... great drive by Riccardo... but sometimes its the car not the driver... can you imagine winning by driving McLaren or William or Toro Rosso .. even if its driven by Vettel or Lewis (unless all other have some inncident)... motogp has 9 different winner last year.... f1 show be more on raw skill and restrict their RnD....
272,l love this British Grand Prix.
273,i see you out there shaking that ass
274,Qu
275,Round the inside round the outside... boring commentator. I miss James Allen!
276,What an awesome race. This season has been the best formula1 battle in years. Bottas is becoming a beast. Bottas vs. Ferrari here was classic.
277,yeeeeah
278,LET'S GO HAMILTON!
279,"in all seriousness, can I just say, The engines in the mclarens are a disgrace.. Honda should be ashamed of the power unit they have supplied.... in my opinion worst engine I can remember in the 30yrs I've watched f1!!!"
280,David Croft is the best commentator of world in all sports. This guy is amazing!
281,Bottas it will be the 2017 champion  !  He is better than all this drivers
282,Hahaha a puncture for Ferrari great job :D
283,Square Christian report venture discovery civil crack land dust.
284,"3:10 Who could've expected that? Out of the blue, thats for sure"
285,OjalÃ¡ este aÃ±o estuviera HRT (Hispania Racing Team) compitiendo.Cuanto nos Ã­bamos a reÃ­r todos
286,what a fantastic weekend for Mercedes
287,"max is a hunter and Always firework amazing, he is the MAN IN F1"
288,"Vettel:
50% Waving hands
49% Bitching and swearing
1% Ping Pong"
289,Verstappen was what ultimately killed Vettel's chances of getting close to Hamilton in the race. That overtake wrecked Ferrari's strategy and led to a load of events culminating in excessive tyre wear and that blow out.
290,"LOL.
When Lewis gets old, he will be one of those old guys who says 'God bless you' at the end of every sentence."
291,"Ferrari started the season well, but they have clearly been out-developed by mercedes. It seems clear to me now that mercedes has the better car, seeing how they have won three of the last four races and have 8 of the 10 pole positions this year. You cant hide anything in quali, thats what shows the pace of mercedes. Hopefully ferrari can come back the second half of the season cuz id like to see someone other than mercedes win the championship again."
292,"...and he is... The Most Aggressive Driver in the World! Bottas that is - drove the tires right off the Ferrari's.
We were told this new season with the new tires and faster {electric} drive would be exciting and it sure is! A bouncy bumpy ride."
293,should have included HÃ¼lkenberg's overtake on Ocon as well
294,VETTEL THE BEST IDIOT EVER.
295,"Those who said that ham out qualified in his rookie season. 
Don't you guys don't know later what happened? 
2009-  Alo 2, ham 4
2010-  Alo 2, ham 4
2011- Alo 4, ham 5
2012- Alo 2, ham 4
2013- Alo 2, ham 4. 
Your shit driver out qualified by ham many times both r in top teams. Your ham just a 4th grade driver. He is only enjoying all the wins because of highly advanced merc team.
What ever poles he scored or wins he get no one cares. A driver like nico bottas winning with that car. And he he feels like god of f1 and totto feels like his team is a divine and he is monarch. Fuck you arrogant ham fans. Your driver is just a 4th grade driver. Don't even compare him to greats like senna it's a big insult to them."
296,"Filip Lalovic Really then why you fans overreact for your 4th grade driver. He utters all the shit and you support it. Ok if your ham really have that much stuff then tell him to score a pole with that mclaren. No he can't do it mate. I hate him because of his fans treating him as god and others as shit. And whenever a argument comea they say 2007 he beat alonso. Ahh what about the 2009, 2010, 2011, 2012. Both are in top teams. Get lost man. You people hate other driver more than we do. Blinded  with hamilton fanism."
297,"abhiram muttavarapu Jeez stop with all the hate. Do you actually support anyone in F1, or just live to hate Hamilton because he's British and you're not? 

We can compare him to Senna as he has already won as many WDC'S (possibly more after this year) and has already beaten him in Poles and will most likely hold the all time record for pole positions at the end of the year.

Furthermore, he has won a race every single year  in his career (even when his cars have not been championship material), no one else on the grid right now can make that claim. He has more wins outright than anyone else who is on the grid right now to top it off.

I feel I have countered your hate sufficiently now with rational arguments backed up with facts, but please be respectful to all drivers on the grid. Having a respectful debate will make others consider your argument and maybe even agree with you. Life is too short to be blinded by rage."
298,Are the Ferraris front limited on tracks like Silverstone?
299,"I just reached a P1, sorry for the race, but I still like my orange colored car."
300,Man I just have this feeling that Ferrari will bounce back and win in Hungary.
301,Were is stoffel in this vid?
302,"im just now getting into car racing and stuff like that, not just F1, and this is super awesome but i know next to nothing about it all"
303,"Sebastian Vettel believes Mercedes' pace in qualifying sessions is a 
""gamechanger"" in the 2017 Formula 1 championship fight at the moment.The Ferrari driver saw his lead over Lewis Hamilton cut from 20 points to 
one in the British Grand Prix, which Hamilton won comfortably from pole 
while Vettel slipped back to seventh due to a late tyre failure."
304,awesome season so far.
305,Ferrari is very unlucky team
306,Please let us add subtitles in our countries' languages!
307,I can feel f1 is becoming boring back again with mercedes dominating
308,My car refuses to work with such a noob in the seat. She knows master is coming back :)
309,how's Max not driver of the day? did anyone see his battle with Vettel early race?
310,Is it me or does better keep pushing cars off the track
311,the english commentary is so funny :D Lights out and away we goo!!!
312,bwoah..
313,I thought the drivers were calling kvyat a tall pedo and not torpedo so I've been going around laughing the whole weekend every time they call him torpedo thinking their calling him tall pedo ğŸ˜‚
314,"Me & My girlfriend were there for My 4th GP. Amazing race, incredible atmosphere. Lewis winning gives the place life! Unbelievable. ğŸ˜Œ"
315,"what about....








A L A I N"
316,Lewis Hamilton 4 Time world champion 2017
317,"I feel like Alonso just retires the car whenever he wants to just to make a point to Honda he dont like them. If he wants to pee or he just dont feel like racing in an underpowered car. All he had to say is, no power."
318,The tires have once again played an important role
319,Wanna hear a joke- McLaren's F1 team
320,The commentary from David croft is shocking!
321,xadrez que a
322,I hope Fernando gets a good car next year.
323,I want f1 drivers to sing despacito ğŸ˜ğŸ˜‚
324,"It looks like Vettels tire get's damaged when he brakes late, there is like a black patch  @4:13"
325,Lewis has Luck ğŸ˜’ğŸ˜’ğŸ˜’ğŸ˜¡ğŸ˜¡ğŸ˜¡ Forza Seb ğŸ¤—
326,McLaren really needs to ditch Honda...
327,red bull where is ur 1.92 sec pit stop now ? lol
328,again idiot verstappen do his stupid things
329,man this new Honda engine it's a peace of shit......... Alonso must be feeling revolted!
330,"Ferrari needs to step up their development game. Especially engine. It won't matter what they do with aero if mercs have 15-20 more hp every single lap. Also let's not forget them flipping a switch in qualy and getting 30-40 hp up on Ferrari. 
Come on!"
331,"Sometimes I wonder why do I bother to watch such a 'shitty' race where the top 3 is either Mercedes or a Ferrari whereas the remaining teams are ""FUCKED AWAY into the wilderness of mediocrity""."
332,"Kimi and Joelyn really have some rotten luck, but a great day for Lewis and a brilliant drive by Bottas. 

Get well soon Martin Brundle."
333,Kyvat on the way to becoming the new Pastor Maldonado
334,Hamilton is the best damn driver of all time.
335,Hamilton semplicemente perfetto. Aiutate Alonso a fare una gara intera. Ferrari sfortunata
336,What a great track and what a great race! ğŸ we need an home grand prix for vettel again. Bring back the NÃ¼rburgring ğŸ‡©ğŸ‡ª
337,Ferrari should back Kimi & not Vettel. Vettel doesn't know how to overtake properly!
338,#KEEPSILVERSTONEONTHECALENDAR
339,#LONDONGRANDPRIX
340,Get better soon Brundle!
341,"The ironic comments from the crowd were so funny when Jolyon broke down. Some guy in Luffield shouted *""No, not Jolyon. For the love of God!""* ğŸ˜‚"
342,go BENZ!!
343,i think ferrari's tyre is being SABOTAGE
344,"Hulkenberg is turning into anther Kubica, his performance this season is similar to the one Kubica put in 2010"
345,"""Great Boring"" delivered once again ğŸ˜‰"
346,"Wonderful Hamilton (rockstar), Bottas and Raikkonen ...."
347,"Best driver of the race is Daniel, never give up man!"
348,"Ricciardo may not have the fastest car, but gee, he can drive."
349,what a crazy weather!
350,"I can't understand Vettel complaining about moving under braking, when the ban for this has long been lifted. 
And well done to Verstappen for paying him back when Vettel pushed him off the track :)"
351,"Here's a joke:

36 laps on soft tires in Siverstone."
352,"The torpedo strikes again!

Gutted about Kimi's bad luck, he deserved P2 this time :'-(

Ricciardo a well deserved driver of the day!"
353,"ferrari's punctures were a huge cock blocker for me, believe it or not... my girlfriend's dad was so angry about it, he started shouting all over the house and we got in an argument. i had to leave my girlfriend's house and so there was no ""gap to commit"" to. i had to call my ex gf, she is something like my ""right hand"". she wasn't bad for a number 2 at all"
354,Does Crofty increase by a decibel between every race?
355,"Suck that up, Vettel! Excelent job, Kimi! The greatest driver that Ferrari have these years.

Lewis and Valtteri... You guys are amazing! Go go, Mercedes!

It is so nice to see two Finns at the podium, and Lewis in first place at Silverstone! Hope this same podium happen again next year!"
356,"There's a lot of talk now about Ferraris line up next year.  Many saying either Vetstappen or Ricciardo.

Do you really think either one will want to be no. 2 to Vettel?  Ferrari always have a no.1, which is Vettel.

I can only see Perez going to Ferrari.  He's a bitch.  He'll fit in well!"
357,"even though ferrari was not in first place, it reminds me of lemans 2016 with toyota, failure in the last lap"
358,"i'm wondering what happened with the engine when alonso said ""no power"""
359,formula one is back !! <3
360,Nice RaceğŸ‘
361,fucking pirelli
362,The torpedo should be sent back to Russia and stay there forever ğŸ‘
363,Ma porcoddio
364,Karma strikes Ferrari.
365,"As bad as I may seem I really believe that if Ferrari didn't have the shitty luck they had today, the race could have possibly been a 2, 3 for Ferrari. I think kimmi  and vettel, as bad as things seem, are an amazing team together. And I feel like they should have gotten higher positions today but i guess luck was not on their side..."
366,Mercedes supremacy SADLY
367,Good drive by Ricciardo!
368,I miss the Formula 1 of the beginning of the century and the end of the last one.What is this here?DRS? What a joke.The cars sound so horrible. And they also look so ugly.I stopped being a fan of Formula One.
369,"Well...personal tastes are different, arenÂ´t they."
370,VyraFall they look great!
371,I really dislike Vettel.
372,forza ferrari
373,From what channel are this speakers? xD
374,"FINALLY Verstappen finished a race !
And Vettel, you got that Karma man, well deserved"
375,"If Verstappen didn't pit stop at the end of the race, he would have been third ;("
376,"Skillz 
Yes trueğŸ‘ but, I don't think he had a choice in the matter. Crazy race..."
377,Riccardo awesome drive
378,Kvyat cannot play bowling.
379,"by far the best race of the season ..loads of passing etc and they want to get rid of the British grand Prix ???? someone's got a screw loose !!!!!@##%%""#'"
380,Dan Ricciardo ğŸ‡¦ğŸ‡ºğŸ‡¦ğŸ‡ºğŸ‡¦ğŸ‡ºğŸ‡¦ğŸ‡ºğŸ‡¦ğŸ‡ºğŸ‡¦ğŸ‡ºğŸ‡¦ğŸ‡º
381,Mmm
382,I wonder if Vettel would have survived if he had not suffered that huge lock-up when Bottas was chasing him.
383,I loved and hated this race because Kimi's puncture
384,go go hamilton!!!!
385,Alonso don't deserves such a shitty team like McLaren-Honda.
386,"Ferrari won't win this year, so do you want to win next year?==> FERNANDO ALONSO first pilot of Ferrari... Fuck off Mercedes!"
387,Balnazzardi jajajajajaja too laught you
388,"Well too bad for you, but Marchionne clearly stated that there is no room in Ferrari for Alonso :D....Ferrari will most likely continue with their current line-up for 1 more year, then try to get either Ricciardo or Verstappen as Vettel's team-mate for 2019."
389,Kvyat master :D
390,V6ğŸ˜¤
391,1:46 See you later
392,Why does Ferrari have to shit on RÃ¤ikkÃ¶nen? He's a lot more cool-headed than Vettel.
393,This is the first race that I wasn't able to watch live in years.  So this highlights video is great & I love it!  Thanks.
394,shut leclerc be in kvyat's seat
395,...what about Verstappens late pit stop for tires ??
396,vettelğŸ˜£
397,"I love the fact that the official channel of formula 1 must speed up the video to avoid the strike by the bots i guess 
Thanks Youtube"
398,"The winner is always predictable. When Hamilton gets pole, you don't need to watch the race because Hamilton always gets faster and faster every lap. The gap between all teams is too big. Mercedes is just too fast. The overtakes were too easy with the help of DRS.ğŸ‘ğŸ‘ğŸ‘"
399,æ—¥æœ¬äººã„ã‚‹ï¼Ÿ
400,ĞšĞ²ÑÑ‚ Ğ»ÑƒĞ·ĞµÑ€
401,Hope max goes to Ferrari next year.  Max and Vettel in the same team!
402,"""minimal talking"" haha, this guy is slowly becoming my favorite."
403,"Honestly: That one lap here, Vettel needed in Austria :D"
404,Carlos Sainz being the beyblade this race....
405,"alonso with honda engine, same shit different gp"
406,Fuckin Ferrari man damn tire puntures
407,"MERCEDES: Hey Pirelli we'll give you huge amount of $$$ by just supplying shit tyres for Ferrari
PIRELLI: Say no more."
408,That was a fucked race!
409,Where is the interview of Sebastian Vettel?!
410,Honda sucks
411,TORPEDDDOOOOOOO!
412,"Vettel was stupid, he should have entered the pits the moment his tyre burst instead of going round another lap like he did dragging his front."
413,those cornering speeds this year though
414,"I'm not exactly sure why Vettel had his hand up when Verstappen shoved him wide, but it's okay for Vettel to do it to him. I think it's a racing incident."
415,i just stopped watching the race at L47 then this bad luck happen at least kimi finish in the Podium
416,idk if I've ever seen a DNS before ğŸ˜‚
417,Vettel's puncture came on the same tyre that he locked up massively on lap 43
418,"Shenanigans afoot at Silverstone:

Alonso launches an engine (par for the course at this point).
Verstappen proves he still drives while suffering from cranial-rectal insertion.
Kimi on podium (BWOAHH!!!).
Ham-ster closes the Championship gap before heading into part 2 of the season.
Ferrari clearly got ahold of tires meant for McLaren."
419,this race for not too many crashes was exciting and entertaining due to the amount of sick overtakes!
420,"I dont think ferrari can match 
Mercedes anymore i think vettels championship campaign might be over"
421,fuck Hamilton
422,Sensational drive from Ricciardo!!!!
423,Very good race .
424,"What are we doing here? ping pong, bowling, torpedo, bumper car, BOAWHH, no power, stop talking, do you copy or fck Charlie"
425,kvyator
426,"Not that long ago Kvyatt was the 2nd Red Bull driver, now he's the next maldonado lol"
427,"LOOK AT KIMI EMOTION 
lol"
428,All the Ferrari fans blaming the tires. Lol
429,"Kimi doesn't waste words ""My left front tyre is broke"""
430,The lockup of VET defending against BOT damaged the tire and cost him the podium; https://youtu.be/t0WHNqwDjXc?t=4m11s
431,"F1's comment section is cancer it's all old ass memes


Honesty ğŸ˜‚ğŸ˜‚ jk jk"
432,"put max in good team, redbull is rubbish."
433,Max is rubbish too.
434,Where are the Vettel fanboys? Too busy crying huh.
435,Where is Stroll?
436,Dude someone is fucking with ferrari or their luck is really FUCKING dry right now.
437,"Kimi in podium be like : ""Bwooaah, I don't have idea what I'm doing here."""
438,"some of you say this race may boring, but when i watch Ricciardo livestream it is full of overtakes. GO RICCIARDO! GO RBR! GO MAX!"
439,"Shafwan Dito Thats because all the cars he passed are 1 to 3 seconds slower per lap ;D. Untill he comes to max, Ferrari and Mercedes, he can just drive and chill. He wont overtake max ever when max is in front. Not with the same car. Even the way faster Ferrari of vettel couldnt do it."
440,"Do you think Hamilton is the best British F1 driver ever?
I never think so.
Nowadays F1 destroy great F1 history. "
441,"'Minimal talking"" ğŸ˜‚"
442,I heard James Bond is from england. I heard he hates ferarri.
443,"*INSERT JAMES VS NIKI*
*INSERT CHOCOLATE SENNA VS SPOILED GERMAN BOI*"
444,"I really love that Liberty Media is clued up and makes these highlights available, it's fantastic. I don't know if they need to (or should be) speeding up the footage though, whether it simply be to show more, or make the sport look faster than it is..."
445,Karma
446,Great race!
447,I find the red bull drivers more impressive than the Ferrari's and the Mercs. what's making the difference is the performance of their cars.
448,Bad luck for Kimi continues........through all his career.....(-__-!!)
449,"Alonso dead, not big surprise"
450,3:08 You can hear Fernando's spotter's soul being crushed right in this moment.
451,This Crofty has an obnoxious voice when he yells. Though I understand it's for excitement but it is.
452,The torpedo's back at it again
453,When Ferrari is just so good in the first part of the season but sucks up in the end
454,"Alonso: No power!

Team: maybe we should move to Formula E, as we're just ""embarrassing"" ourselves in F1"
455,it's a Maldonado's fault..
456,Ferrari es una vergÃ¼enza
457,smh ricciardo playing on easy difficulty
458,I just can't take to Hamilton he's to cringe
459,david croft will never be as good as ben edwards. go back to 5live innit
460,poor Alonso........
461,This is the commentary we need in the US.
462,"I like the guys from NBCSN, i think they do a good job"
463,Go Kimi
464,LOL I'm loving the fake accounts!!!
465,Super enjoyable grand prix.Â  The battle between Vettel and Max was great to watch.
466,Sebastian Vettel win win
467,wao wao beautiful great race:congratulations Halmiton peace
468,Bottas.  biggest douche ever
469,"apparently, Lewis was interviewed by someone who's much, MUCH faster than him

Owen Wilson â˜º"
470,"6:20 who is that girl on the podium stage with her cell phone in portrait mode no less?  Lucky fan?  trophy presenter?  


Seems odd."
471,Can we all just appreciate that Verstappen finished the race?
472,Ricciardo was a fucking beast this race
473,bad day for ferraris
474,"Why was Verstappen held so long in the pitstop? too bad he didn't make 3rd, he looked to be in good shape today."
475,"Strong performance by Ricciardo, Hamilton, Bottas and Hulkenberg. Sad day for Alondo (again) and Palmer. Red Bull still has a huge gap to the top 4"
476,"Well done, Dany! As instructed!"
477,shit!!!!!!!
478,Why does Formula One remind me of pro wrestling and NASCAR? There's something fake about this shit.
479,Defender of the day: Max Verstappen
480,"You know what really bothers me? That no one tries to defend their position, at all costs. Only Verstappen does, but even when he does it he still gets stick. That's how rare it has become nowadays; people think he's doing something wrong. 
I think Senna would've got hammered by the comments if he raced in this era. He was harder to get past than the Berlin Wall, no one was able to overtake him. Nowadays they almost move over to the side when a faster car approaches. It's so silly."
481,Minimal talking. Maximal hitting.
482,"Those Mercedes cars are so good and fast  , does not matter who you put in them they win every time , well done Mercedes ."
483,I'm always impressed by how constant Ocon is in every GP... If only he get a better car !
484,And now he's starting 5th in the Alpine
485,Ocon
486,"Kvyat can apply for a job at McDonald's when he's kicked out of his seat next season. 

He's already practicing the constant drive throughs."
487,"In the words of Adam Sandler:
""YOU BLEW IT!!!!!!!!!!!!!!!!!"""
488,Ù…Ø±Ø­Ø¨Ø§ Ø§ÙŠ Ù‚Ù†Ø§Ø© ØªØ¨Ø« Ø³Ø¨Ø§Ù‚Ø§Øª Ø§Ù„ÙÙˆØ±Ù…ÙŠÙ„Ø§ 1 Ù…Ø¬Ø§Ù†Ø§ ÙˆØ¹Ù„Ù‰ Ø§ÙŠ Ù‚Ù…Ø± ÙÙŠ Ø§Ù„Ø´Ø±Ù‚ Ø§Ù„Ø§ÙˆØ³Ø·
489,Man I would hate to be a Spaniard around Kvyatt
490,Here comes the Hamilton haters....
491,Vettel fucking sucks!
492,I fucking hate Lewis Hamilton. He's a flog.
493,Vettel fans seem to be hiding from this comment section this time
494,"Wellington? Wasn't that Hanger? 
That really dates me."
495,"Wellington Straight? Where did that come from?
Guaranteed to disenchant the French. I like it already."
496,Hamilton is only good if he drives a good car. I would love to see him driving a Mclaren-Honda
497,Left front tire broke :/
498,I hate those easy wins !
499,thanks Lewis GodBless you too .. You are the living legend of formula 1 .. what a time to be alive and see you shining
500,Can we take a moment to appreciate Riccardo doing an F1 season's worth of overtakes in one race?
501,Give Ricciardo an extra 30hp and it won't matter where he qualifies he'll be top 3 every race (one eyed Aussie here!)
502,THAT'S HOW YOU DO IT!!
503,"Max doesn't even play aroundğŸ‘ğŸ‘
and how about that Bottas,2nd position from 6th or wherever the penalty placed him ğŸ’ªğŸ’ª"
504,In other news. Hamilton investigated by the FIA for dropping nails on the circuit.
505,British F1 fans are such bandwagons
506,Hamilton made this look easy 
507,Can we please acknowledge Nico HÃ¼lkenberg finishing in P6?
508,i hate Croft's voice
509,didn't kyvat get a penalty for rejoining the track dangerously good job vettel moved out to ovoid max
510,get rid of Kvyat
511,All my thoughts are with Jolyon's hydraulics
512,I only come here for the fake accounts
513,Hamilton does it again to try and take back the Lead in points again for another Championship
514,Crofty must be the worse commentator.
515,"And Mercedes has again the fastest car... i love f1 and i really appreciate the work mercedes is doing, but what is wrong with ferrari... they started so solid and now it seems like no updates are coming anymore (c'mon 15 hp update wasn't even worth).... the have to overwork the complete aerodynamics of their car until Belgium"
516,Anyone else just want Alonso to win a race?
517,Come on Renault. Give Palmer a good car. I bet he could of been fighting with the Force India's today.
518,"it seems like i have jinxed 2 races already. in baku i told my friends ""I don't think red bull will win a race this season."" and later i told them "" imagine, lewis having a puncture in his home grand prix."""
519,"Funny how so many are complaining about Vettel's complaints, completely ignoring that 80% of the driver field is doing that. Liberty Media is just showing mainly the team radio of Ferrari and Mercedes. And since the two Finns are well known for their sparing of words, it's just Hamilton and Vettel with complaints all the time. Get over it, ever watched football?"
520,get well soon martin brundle
521,"Recent footage shows how nintendo is sponsering bananas, red shells and bob-ombs to kvyat. He also gets a star upgrade for not damaging his car if he hits others."
522,ferrari still the best...
523,5:52 how the mecanic gets his hands on his head
524,We want the return of Paul di resta in F1 :(
525,I'm honestly sad for Alonso. Poor man.
526,I fucking hate Hamilton
527,Honestly ?
528,Not a really enjoyable race with some exceptions like Ricciardo and Bottas!
529,What about Palmer?
530,"I believe if another team picks up Alonso, it may be a major advantage to them. I say that solely because I'm sure he has some rage built and he's wanting to compete. Any team would give him a better chance than Honda surely."
531,What a race today.
532,nobody can stop bottas that's it. He is gonna win
533,well done Lewis ğŸ‘
534,Get well soon Martin Brundle.
535,I wish it was possible to watch entire race through youtube :(
536,Vettel's front left defining jump start. It went off before it should have xD
537,"""Minimal talking"""
538,"puncture! puncture! puncture! that was the best part of the race, where's the vettel fans?"
539,"Wow, bad luck Ferrari."
540,This shit is rigged
541,ya think
542,Hah. Karma seb
543,"From a massive Vettel fan, congratulations to Lewis Hamilton for the race victory. He was clearly the best today (and yesterday) and deserved the win."
544,"Fucking hell, Scuderia!!!!!!!"
545,I like how vetel cries when somebody else pushes him out of the track...  like he does always when they are going to pass him
546,ferrari fucked up their tyre strat :/
547,What a fuck up by Ferrari.
548,Palmer ones more without points! Robert Kubica must back!
549,Lewis Halmiton âœŒğŸ‘ŒğŸ˜
550,In my opinion Bottas drive wasn't anything special. The first five cars should be quite easy for a Mercedes to overtake and he didn't have to push too much to close the gap to vettel as he was stuck behind verstappen. Then he was lucky that raikkonen had a tyre problem. And it isn't that hard to overtake a car when you have a drs and a boost button that makes you go at least 20km/h faster on the straights. I don't like the boost things. Not in qualifying and not in race. It should only be acceptable if they can drive with that boost on during the whole race. Not a Hamilton hater just want to see good racing. With that said it still was a decent race. Not as good as Baku but better then some other races this season.
551,Riccardo had a amazing race
552,has Alonso even finished one race?
553,my left front tire is.........broke. lol
554,"Hello, iam new to this sport. Can someone guide me.
My brain is damaged."
555,"2016 vettel: Bad
2017 vettel: EVEN BAD!"
556,"Kvyat crashes into Sainz putting him out of race.

Palmer's car broke during formation lap.

Nando didn't finish the race.

Nothing new really ..."
557,"Can someone ban kyviat from driving again.. insane.. and switch alonsos car with his team mate, wth why is he always retiring?!"
558,Kvyat is getting quite a reputation
559,"I have no idea why it is in my recommendations, but I've watched it all and, I think, from now on I'm an F1 fan"
560,welcome
561,all those drivers are pussies!
562,Why Perrez and Ocon were so slow compared to Riccardo when he passed both off them?
563,"One of my friends is a Vettel fan. He called Verstappen a son of a bitch for defending like that. He won't listen to me, but he might listen to the comments on that. Can you tell him to stop watching F1?"
564,"Seb / Kimi - Tyre fails/punctures/whateverhappened

Same tyre. Same part of the track. :("
565,"the torpedo strikes g
again"
566,That tyre lock during Bottas overtake cost Vettel his tires
567,Get well soon Martin
568,"what can i say!

FUCK YOU HAMILTON you FUCKING PRIMADONNA"
569,"LOL fuck the shitty ferraris, Mercedes all the way, great win!"
570,"I just feel like German engineering is better, just sad because Vettel is the better driver."
571,Wow Max finished lol
572,i wish murray walker could have stood in for brundle.
573,"* Waiting for Vettel's fans to blame someone for their driver's defeat * * WAIT, Nothing to blame * ğŸ˜œ"
574,Pirelli
575,Max actually finished ğŸ˜³
576,Verstappen's move on Vettel was the move of the race for me.... Awesome! Just *loved* it!
577,Cyka Kvyat!
578,RIC last to 5thï¼Œway too good
579,MWUAH..
580,kvyat is the new maldonado
581,fuck this race
582,without martinï¼Œthe commertry become much less salty
583,Failrrari
584,6 minutes of beauty. This is f1. Pretending to be Verstappen in the comments is not f1 howeverğŸ˜‚
585,its boring again
586,"Ferrari's tires were been sabotage!




 just for the sake of argument... ğŸ˜"
587,Kimi was obviously the most excited on the podium
588,"""F**k...my left front tyre... broke"""
589,I love f1 i just really dont want halo cockpits!! I mean come on!
590,Next time Kimi :( I felt bad for him.
591,No power No power
592,feel so bad for vettel. hopefully he'll come back in Hungary
593,he will :)
594,Fuck off Pirelli
595,"Yandere Player FIA asks to Pirelli tyres' requirements, if it was Bridgestone or Michelin or Hankook or every other brand in the world it would be exactly the same. (And to everyone readings, yes, it's a copy and paste)."
596,poor kimi... he drove really well
597,"Pre-race Palmer can finally score points awesome.
2 min later
ARE YOU FUCKING KINDING ME."
598,Can we all appreciate the way Bottas made love to those tires all the way to 2nd?
599,Joleon Palmer how I pity you
600,Hamilton's haters are crying hahaha
601,I love it.
602,il les a ramassÃ© Ã  la petite cuillere monsieur la Fourchette
603,*ğŸ‘‘ King Lewis the 44thğŸ‘‘*
604,"I must say, i am very impressed by Daniil Kvyat's performance lately"
605,@Daniil Kvyat Privet Daniil
606,"@Daniil Kvyat i'm damar adjie fadlan, nice to meet you Kvyat ğŸğŸ"
607,@Daniil Kvyat hi daniil did u watch this 2017 highlights while waiting for this Sunday's race in 2020???
608,"Hey Maldonado, what do you think about the Kvyat's replacement Max Crashtappen? He is doing a great performance isn't he?"
609,Pastor Maldonado Yeah too bad that He got kicked out even before the end of the season.What the hell is wrong with Lotus and Toro Rosso?Why did they kicked out the new f1 legends?! (Forget Fangio Mansell Prost Senna Schumacher Alonso Hamilton)
610,Ferrari is old!
611,"hakuna mutata They did, and even Mercedes upgrades the car, but this is a power track where Mercedes and their drivers have some datas more then the others since they present and test their car here, the Mercedes is a car studied and suited for this particular track, and they even had the luck for Ferrari's bad luck. If they raced in Fiorano or Ferrari tested in Monza they would smoke the opponents because they would have that knowledge in more too about the car's behaviour with the track and a car ""perfect"" for the track (just like Enzo Ferrari wanted ""every car has to be perfect for this track, or it won't be produced or it won't race""), ""unfortunately"" they have since 1972 Fiorano's test track that can't host an F1 race."
612,they need to upgrade their engine.
613,"Jay Paul Hernandez Yes, it's the only team entering every race since Silverstone 1950 and racing since 1929, even Enzo Ferrari is old with his 119 years."
614,great race
615,"Decent race I suppose, bit boring at times though it got spiced up at the end. Hate to see what is happening to Alonso, one of the great drivers of the sport get DNF week after week due to being with such a shoddy team, I mean, it's sad also to see McLaren become such a second rate team."
616,exelente carrera  lamento lo de Ferrari
617,"4:20  ""De puta madre"""
618,"hamilton is great driver, but i hope Max breaks all his records."
619,He will.
620,"""Torpedo"" did it again, great job!!!!"
621,Honestly...too many laps.
622,"Normal hybrid service has resumed. 
Mercedes 1-2
Ferrari fiasco 
Active torpedos."
623,"The Sidz Mercedes, a team testing and presenting his car in Silverstone and Bottas (not taking away anything from him) having a faster and fresher compound with less fuel, so less weight and so less degradation, and both the Mercedes' drivers helped by their rivals' punctures at the end of the race."
624,The podium music starts and the finns start to drink. Brilliant :D
625,"When someone do ""YES!"" or ""Never give up"" t-shirts?"
626,Max Verstappen:NO!
627,Congrats Lewis...superb victory..especially after bad luck in Baku and then having to take a grid penalty..Good luck ahead!!
628,"6:06 Thank you Liberty Media, for listening to us fans"
629,Hamilton be lucky he is in the fastest car this is one thing and second thing is Vettel must have a pitstop
630,"""minimal talking""??!!!"
631,If a driver goes from P19 to P6 that easy that there is something really wrong with this whole F1 shizzle.
632,Where is the video from the gopro who was on the champagne ?
633,Lewis scampered off into the distance never to even be threatened by anyone and you call this a RACE?? Jeez. Yawwwwn.
634,"Give him the SAME car as EVERY other current driver and I'd bet my limbs and eyesight that Alonso would trounce Hamilton. Hamilton's no legend, (DESPITE the 'impressive' numbers), I assure you."
635,Kvyat really likes bowling with Spaniards
636,"First me now Sainz. Honestly what are we doing here, bowling?"
637,"Yes, he does"
638,"Yes, I do"
639,"you kno the trace is exciting when the highlights is more than 3 minutes long...
great race tho"
640,what happened with palmer did not saw the beginning
641,"They call me TERMINATOR because...






I'll Be Back !!!!"
642,"2:16 * Vettel pushes Verstappen all the way off the track *
- 5 second later 
* Verstappen pushes Vettel off the track (Payback) *
* Vettel gets mad and puts his hand in the air *

Vettel is a 10 year old whiny bitch"
643,Petilsan Oh and remember Hamilton in 2012 Venezuela?
644,"Petilsan Seriously, fuck off, I hate it when people keep saying this when Alonso, Senna, and even Raikkonen complains a lot more but never gets hate, that's fucking bull shit, and every driver complains, jesus fuck."
645,"FerryXtheMercy max was never gonna let him past easily, i knew eventually vettel would end up on the grassğŸ˜‚"
646,"Alves Gomes Me too, though a bit surprised no-one mentions the most appropriate word for that kind of behaviour: (what a) hypocrite !
Loved Max' reaction over team radio though: ""he wants to play bumper cars"" ğŸ˜‚"
647,Petilsan so glad im not the only one who notices vettels bitchy behaviour. its fine when hes doing it but when the tables are turned he cant take the heat.
648,Crofty called 2 different drivers Paul di resta
649,tire sabotage confumed
650,The early undercuts costs Ferrari in the final laps.
651,Pirelli sabotaged us.  Soft tyres should last better!!!
652,"Zikri Hakim 
Yes indeed it did so."
653,"My reaction to Kimi's tyre was pity and disappointment, my reaction to Vettel's tyre was smug laughter"
654,I know this is old but I still laugh every time I watch it
655,Tom Salmon same
656,British fans better out there according to Hamilton. Better than the Italian fans? Yeah... I guess he is simply wrong.
657,"I would say British fans are equal to Italian fans, there is no way to prove which is better other than your own bias, so get your head out of your ass and just accept that they are both passionate about the sport."
658,"Good to see the torpedo doing what he does best... jokes aside, how the f**k does he still have a seat in f1 ?"
659,"Nigel Mansell Yea I don't think he'd of made it to F1 in the first place without being quick, but I think his recklessness outweighs his quickness by far !"
660,Thanks Pirelli!
661,"TeddyLXIX Thanks FIA, they asks to Pirelli tyres' requirement."
662,NO! WE COULDN'T SEE SHIT BECAUSE OF THAT CAMERA ANGLE !!!!
663,can any one tell me why Alonso didn't start at pole.. he did finish p1
664,My best race this season
665,What kind of name is jolyion. damn
666,Best!
667,Yeah Lewis what win #LH44 hammer time
668,wish hamilton crashed in a massive fire ball..
669,"not really... until blacks aint a cost on our societies, you will get it..."
670,What a loser you are. Don't you think it's bad that i know the colour of your skin without seeing it? so predictable and so despicable.
671,is no one going to talk about how impressive of a drive Ricciardo and Hulkenberg had?
672,"The battle who is winning the Championschip is ofc really interesting - i think since the last  3-4 years. But ist just a battle of 3 people. They have obviously the fastest cars. Imo it would be a great sport with the sams cars, well same motor units and some strict rules would be fine."
673,get a better commentator than fat twat croft.
674,Yuck!!!
675,dang this is so boring. no wonder no one watches f1 anymore
676,cya then!
677,"Bam, Verstappen finishes, fourth position already :D That's just great, gj Max"
678,This race cut me deep
679,The Torpedo strikes again
680,Can we just age restrict YouTube? I'm sure these fake accounts can't be controlled by anyone over 14.
681,"Team: Good job! Bottas :""Minimum Talking! "" Guess the Fin's will always be Fin's"
682,Karim Akele Bwoahttas
683,i just love f1
684,thank god vettel got a puncture today. would've been so annoyed if vettel got away with getting a podium out of nothing!
685,"Just realizing:
When Vettel pushes Verstappen wide, Crofty says: ""Verstappen goes off the track"", while Vettel clearly pushes him wide.
When Verstappen does the same at the chicane, he says: ""Vettel gets pushed off the track."" 

Biased commentary much?"
686,"Impossible....  They are  BRITISH,  they often don't even like Vettel and Ferrari but support Hamilton and Mercedes,,  why would they favor  Sebastian over Max?"
687,"SSsvaedsg eymxgs Yes, but still Crofty tends to dowplay Max his actions quite often. Also, he's quite arrogant for someone who has very little racing experience, he needs to tone it down a bit and listen to the real pundits lik Brundle."
688,"croft is a joke, bad one, but i think they cut away in the middle of the corner, so at the time it wasn't so clear"
689,Why should he?
690,"I think it's down to the angles they had at the time, when they saw if from above they said that Vettel pushed Max off."
691,God bless you Hamilton
692,0:07 ask Alonso he would tell you how it feels
693,Yes it is very upsetting.
694,"Stroll: I'm the new Maldonado
Kvyat: Bitch please?"
695,Max Verstappen = aggressiveness + intelligence + skill
696,"Car Guy tell me when he cried for blue flags and he doesn't blame others really often and when he does he's usually right.

So just keep it down a bit hater"
697,And arrogance and blamikng others and crying for blue flags
698,"Dietrich, it's all a part of a recent Liberty deal, remember? Dany is liberating F1 with his driving. Of course, we're set for some lucrative percentage as a result, so I know what I'm doing."
699,No doubt about that
700,I got skillz too!
701,I started watching F1 this year..I've been missing a lot the past years
702,Wehrlein and Ericsson are such bad drivers.......
703,Kyvat again really?
704,Hamilton is just too good....
705,"Gatoula GR alright calm down kid, no need to throw your toys out the pram. And it was the previous race at Austria he changed his gearbox, which he got a 5 place penalty for. It was Bottas who changed his gearbox at Silverstone and also got a penalty. Now let's talk about the lack of black flag for Vettel driving alongside Hamilton and ramming into him..."
706,j4w7 MERCEDES IS PAYING FIA GOOD THATS WHY HAMILTON WINS SOMETIMES LIKE THIS RACE HE CHANGED GEARBOX WHERE IS PENALTY??? HE MAKE SOMEOME LATE HIS BEST LAP WHERE IS PENALTY??? MERCEDES IS PAYING FIA
707,No.1 Hardstylebaby that may be true but you can't deny the skills you see consistently
708,j4w7 correction Bottas and Hamilton are good with good cars
709,"around Silverstone he is, but there is still so many races to go, i expect it to still be close."
710,"What the hell is Kvyat doing in the Toro Rosso, I hope he gets out of F1 soon, and maybe replaced by Gasly."
711,great drive from Ricciardo
712,i didnt like the race. In lap 50 i started to hate it.
713,Ferrari fan?
714,Worst fucking race... Really worth the dislike.
715,As I said this kind of shit happens to Ferrari only. What a coincidence... easy to be a fashion Mercedes fan you know. A blind camel without legs could win with that car..
716,"Let me guess, Ferrari fan? Their fans stick out because they always start crying and throwing a hissy fit when things don't go their way."
717,No I can't live without it... Really unfortunate that these kind of shits only happens with Ferrari... Bullshit at its finest.
718,Watch another sport then
719,Without that lock up vs Bottas Vettel would finish 3rd!
720,Both Bottas and Raikkonen always drink before they start spraying itğŸ˜‚â¤ï¸â¤ï¸
721,make custom thumbnails!!
722,once a 4 time champion NOW A FIVE TIME CHAMPION ITS
723,"Poor Alonso ... there where better teams haha, he's still talented af"
724,Driver of the day: Daniil Kvyat
725,Kvyatorpedo
726,"I wonder, if that huge lock up from Seb caused the Punchture..?"
727,xLeThal -SmokE It helped.
728,Mercedes have found their dominance again... they've overtaken Ferrari finally.... what a shit race it was for Ferrari ğŸ˜”
729,"carbonfighterfan96 Mercedes presents its cars in Silverstone, so they test them on this track, it's a car studied for this circuit, it's like if they raced in Fiorano instead of Monza or Ferrari would have tested its cars in Monza."
730,Why did Verstappen pitted in lap 50? He could've gone 2 more easier laps and get 3rd place.
731,#palmerout
732,"He really needs to find a new way of starting a race other than ""it's lights out and away we go."""
733,Youtube must be rolling in cash when all of these people make new accounts for every single race to make jokes about the events. :D
734,See vettel... karma is a bitch..
735,If this race had rain ğŸ¤”
736,"Awww, Hamilton didn't role his car, what a waste of a shooting star!!! Anyway there's always next race"
737,He's not shit that's why.
738,I love races like this where the drama which ISN'T contrived by the buffoons in race control.
739,Hello guys Im another stupid fake account and Im doing this because its so funny and I can earn some likes. *INSERT STUPID F1 MEME* BWOAH HONESTLY ONE MORE LAP
740,Mate you're killing it :D
741,God damn Daniel what the fuck are you doing...?
742,I loved this race! Screw you vettel!
743,"Honestly what are we doing, bumper cars or racing?"
744,Except Vettel and Verstappen fight and the blown up tyres of the ferraris the race was boring as fuck.
745,4:12 Ouch! :(
746,@Simpai he is now
747,It's funny cause he's flat
748,This was funny because you're not a fake driver.
749,"Man, is there a way for Fernando to sue Mclaren-Honda for wasting 1 year of his life?"
750,Yeah go back to 2007 and 2008 and not cheat so the FIA will now accept his bribes.
751,Didn't jump a start this time
752,"Valtteri Bottas 
you didn't jump it last week"
753,Good for you
754,Anyone else hate both vettel and hamilton?
755,yea
756,How did Ricciardo overtake HÃ¼lkenberg? They did not show that even in the race.
757,"I wish we could just agree to stop upvoting the fake driver comments, the joke is getting really old really quickly"
758,It's lights out and away we go
759,"Kvyat crashes âœ…
Alonso retiring âœ…
Stroll not in the points âœ…
Palmer again bad (this time not his fault) âœ…
Force India constant âœ…
Hamilton wins the race âœ…
RÃ¤ikkÃ¶nen unhappy âœ…
Vettel unlucky and unhappy âœ…
Verstappen retiring âŒ
HÃ¼lkenberg unlucky âŒ"
760,Hulkenberg unlucky âœ“
761,"@Amir Penkar Kvyat crashes âœ…
Alonso retiring âŒ
Stroll not in the points âŒ
Palmer again bad (this time not his fault) âŒ
Force India constant âŒ
Hamilton wins the race âœ…
RÃ¤ikkÃ¶nen unhappy âœ…
Vettel unlucky and unhappy âœ…
Verstappen retiring âŒ
HÃ¼lkenberg unlucky âœ…"
762,"Well well well, 2020 presents some similarities"
763,@Sena Ibrahim hi bro i remember this one a lot 3 years ago
764,Lewis Hamilton being 1st in all the laps without loosing places
765,Can we just have the rest of the season in baku?
766,Il mondiale Ã¨  ancora lungo Mercedes non avrÃ  vita facile. FORZA FERRARI
767,some are already smoking while starting..
768,I really hate Mercedes f1 team. Really boring. Not good for the sport.
769,"it's not they're fault if they are so good ... the other teams are just less competitives , and dont't forget that Ferrari is going well -.-"
770,Ferrari's tires weren't strong enough to resist the shockwave of that Torpedo..
771,"Let Mercedes, Ferrari and Red Bull start from the back, much more interesting :)"
772,"Race made me feel kind of nostalgic... Hamilton in a silver car and Kimi in the red car at the front of the pack, just like the old days!"
773,That ending was crazy
774,Great performance Daniel ğŸ‘
775,"Great drive from Hamilton he had by far best car today but deserved standing ovation. Shame Ferrari lost both cars with 2 laps to go especially Kimi :( Also brilliant fight Verstappen vs Vettel and superb drive from Nico Hulkenberg and Daniel Ricciardo. That was some race, great job Silverstone"
776,How much horsepower is the engine making and the MGU-K and the MGU-H are making? Why are the cars still slower than the 2004-2005 season cars? Its been 13 years since then....
777,"MrJuggernautishere Apart for different layouts, you have to check the qualifying laps, in Q sessions teams are allowed to use all the performance of their cars, for race session you have to consider that F1 sporting regulation changed, for example the refueling, cars were lighter during all the race and never had to preserve the fuel (even if in some cases most if the cars run out of fuel) and tires, so less degradation and more tries for the quickest lap if the race, while now they have to race with 100 Kg of fuel and have some remaining for FIA's fuel test at the end."
778,"an other boring race. Thank god i didnt cut my sleep short to watch this. F1, extremely boring since 2014"
779,Russian torpedo best torpedo.  100% reliability.  Never misses target.
780,Mercedes slashed ferraris tyres before race
781,Boring GP and now the championship is over... Not worth to watch the remaining races
782,"Alberto19951995 it is intense, but When Baku and Le mans Motogp in the same day i was going crazy and i make it as best weeknd ever. because both races were exciting asfuuuuuck"
783,I restarted watching Moto gp since 2015 and I find it more tense than f1.
784,"Alberto19951995 watch MotoGP then mate, every race in MotoGP always unpredictable"
785,"asimb0mb yup, but if you compare with motogp championship they had 5 Riders fighting for no.1! and they all closing each other"
786,We have three drivers fighting for the championship. Not sure how that's boring.
787,"'Honestly, what is Kvyat doing in f1!'"
788,kan je beter doen? gaar maar lekker biertje drinken. honestly!
789,fuck UK
790,Daniil Kvyat does not belong in Formula 1!!
791,"Kimi:fuck me.
me:Gladly, what time."
792,was Brundle sick today?
793,Hamilton has glitched tyre wear
794,2020 british gp disagrees
795,Good luck to both Kvyat and Palmer finding a seat for next year... Not a snowballs chance in hell.
796,"you do bring up good points, havent heard that rumor yet, we'll see what happens. Usually trade rumors start after the summer break, around singapore, lets see what happens this year"
797,"Also, he seems to be a little scared of F1 cars, you saw what happened when Kvyat tried to come back on track in Baku (I believe Baku, could also be another race)"
798,"Petar P Carlos senior was spreading rumors that Verstappen ""signed with Ferrari"", just so Red Bull and Verstappen got into a argument and he could take the seat.

Rumors are now that he will be fired."
799,"nah, Carlos has had bad luck, Danny has screwed him over many times this season..."
800,Petar P and Carlos.
801,"Why Hamilton won again i wanted  Sebastian to win, that's so unfair!!!!! (Like whoever agrees!)"
802,im a mclaren honda fan our engines suck we dont get pole now do you see us wienie no we make memes about mclaren
803,"+Chris Parker   Because Vettel gave it all whilst Hamilton was just cruising,   yet  Hamilton had luck of having the fastest  car,   and those damn Pirelli tyres sucked so bad taht they blew on both Ferraris!!!"
804,It's Hamilton's home so he have rights to delight his home fans!
805,Chris Parker Because i am fan of Sebastian Vettel and Ferrari!!!!
806,TheodoraPaoG13 how is it unfair lol?
807,"Hamilton is a great driver, but his has such a fake personality. Always kissing ass and being politically correct. Boring as shit."
808,"wouldnt be a 2017 grand prix, if both mclarens finished"
809,Minimal talking.
810,Shrike typical Finn. Thats what channel 4 commentator retorted
811,Guys don't listen to Carlos its me that will go to Red Bull next year!!
812,"Daniil Kvyat 
you absolutely suck"
813,Dr. Helmut Marko it's what everyone expect :v
814,I see you have great analytical skills over there
815,Dr. Helmut Marko hey marko put kvyat on rb and let sainz in str :V
816,For sure
817,CAN YOU BELIEVE IT PAUL DI RESTA???
818,the torpedo is back twice
819,Vettel leads only by 1 point now. I can't wait for the next race!
820,Lol
821,"+Gold 999  True,   Mercedes got them and even the Italian tyre manufactorer in their pocket.  What a load of bastards.  If the Scuderia wins this they've really deserved it more than anyone and it will show great strength,  against all odds."
822,He leads by 8 points
823,Are you predicting the future?
824,"vettel's will win, but the steward will help hamilton and kill vettel...formula 1 ass"
825,Fuck the police!
826,wheres the Onboard footage from the main man the Torpedo himself Daniil Kvyat?
827,"hamilton affected grojeans lap in qualifying----> no further action needed.
verstappen passed vettel by going outside off the track----> no further action needed.the rest are just history.well done fia.nice job."
828,When people say Ferrari had a disaster at the end but they only lost 9 points...
829,"Luke Montgomery Well there are people saying the championship is over, but vettel only has a one point lead. And a great race from bottas coinciding with a bad performance of the two leader will see him catch up"
830,"Well Vettel all but lost his lead in WDC and Mercedes is alreayd more than 50 points ahead of them,.....so ye I would call that quite bad weekend, especially since it seems that once again Ferrari has failed to keep up with development race."
831,Watch how all the top comments are from fake driver accounts. WHAT A TIME TO BE ALIVE ğŸ˜‚ğŸ˜†
832,My tires bwoahk
833,"I know Lewis will go down in history as one of the greats. But fuck that guy. I never hated on vettel when he was dominating RB and won 4 titles, just because he was dominating.

But I'll hate on Lewis. Always thought he was an annoying asshat that was never a concern because he was at a uncontentious McLaren or 2013 kinda up there Mercedes. 

Now that he's got the car and at the forefront I hate his fucking guts.

Alonso should be up there. But he makes the most unlucky/stupid moves. He'll give me vettel again. Now I'm rooting for him to escape the argument that the RB car was the sole reason why he had so many titles."
834,"Vettel will never escape the fact that he couldn't do jack shit in a car without a blown diffuser. When his RB didn't have it he was getting his ass beat by Webber and then when it was banned in 2014 he got destroyed by Ricciardo. Its a noticeable difference, he simply does not drive the same way now that he does not have a car on rails."
835,"ğŸµTorpedoMan, TorpedoMan, he plays bowling with his carğŸµ"
836,Honda needs to put a VTEC in the McLaren. ğŸ˜‚
837,Koji Takata I'm pretty sure turning the engine into a potato would do better than the current mcclaren set up XD
838,"Hamilton dances onto the podium 
RaikkÃ¶nen was like ""Bwoah, what is he doing"""
839,GP Brazzil O Melhor Ayton Senna
840,Kvyat's torpedo has gone too far
841,Brazzilll
842,"- Always love watching the drivers dart around at the start

- *Kvyat slowly ruining his F1 future/career*

- Ricciardo on a charge again and making short work of what was in front of him

- Force India may have cost themselves a better finishing position again because they don't have the guts for team orders

- More misery for Alonso unfortunately

- Nice overtakes throughout the race

- Bottas drove fantastic again

- *Kimi deserved P2*

- Karma for Vettel

- Max finished, finally

Good race"
843,Jraybay Well surmised
844,voml Yes this is much better than the old overused jokes and fake driver profiles etc. We need more of these. The normal comments
845,Bjay _23 because of Baku
846,"Jraybay why ""Karma"" for Vettel?"
847,"Track limits! Verstappen off the track and overtaking. What funny rules F1 established!
Man, the F1 game is so unrealistic right now. Everytime you're off with all 4 wheels you get a penalty."
848,"And McLaren-Honda crying about Alonso losing faith on them... 3 years, I don't know about faith, but he really has a lot of patience"
849,Don Quijote he gets more mony in one year than you will ever have in your entire live so i guess he gets over it
850,"The fact both Ferraris had a tire blowout mere moments before the end of the race just shows you how much these drivers are pushing their cars and their tires to the absolute limits.
And the fact that after only 10 laps there must have been a good Kilo of rubber debris in Cops corner just shows what corner exactly stressed the tires so much. 260 in that right hander at extremely hard steering, no wonder those tires gave way."
851,"You should have seen how loud I laughed when both Ferraris tires blew up






Coming from Hamilton fan

Get in Lewis"
852,You're grasping and reaching. Its sad really. Rosberg was aided by reliability problems for Hamilton. Go ahead a deny the facts. Rosberg was a very good driver.
853,121bham last year maylasia was so funny cant wait for it to happen this year
854,Nick 2005 i find it so funny how these dipshit hamilton fans think hes such a great driver and british but he lost to rosberg in a 2 way title fight and doesnt even give a shit about them lol
855,121bham I don't know why I keep imagining you as that indian kid who just discover the internet wearing those dorky glasses who are surprisingly okay at playing FIFA
856,"20832_Green Hell No one in our stand necessarily laughed but more a big ""WAYYYYY"" ya know"
857,6:12 Lewis celebrates and Finns drinkğŸ˜‚
858,"ich haÃŸe Hamilton
i hate hamilton"
859,Kimi's career summarized in one race
860,What a black day for Ferrari fans..
861,coming from an mclaren honda fan
862,what a black 3 years for mclaren fans
863,What about now. Can you Ferrari fans still see the light
864,Ahm97 After the Asian races this is a joke
865,Yes
866,"F2 was much more exciting than this.
Sad days....."
867,"Real winners today were Red Bull. Huge race for Ricciardo, finish for Verstappen."
868,how is your shift going?
869,Raymond Kobes agree
870,Finally a useful comment xDD
871,Raymond Kobes agree
872,I hate Hamilton
873,heh fxxk
874,J Samuels Why you crying?
875,"J Samuels Vettel was crying when Verstappen did the same thing to him, squeezing him off the road. Face it Vettel moans about something every race"
876,J Samuels Every driver is like that.
877,"Frederick Dorsey why ! because he's a crying baby , sneaky , snakey , only happy when he wins , spits his dummy out when shit gets heated  ,fake little FXXXXR i really can not stand this guy grrrrrrrrrrrrr he's like a fly around your food just wanna slap the fxxxxr out . crying crying crying crying boo hoo hoo hoo I didnt win I want my daddyyyyyyyyyyyyyyyyyyyy whaaaaaaaa ğŸ˜­ğŸ˜­ğŸ˜­ğŸ˜­ğŸ˜­ğŸ˜­ğŸ˜­ğŸ˜­  Vettel ram the fxxk off the road son ğŸ‘ğŸ‘"
878,Max is like a dog with a bone. ROFL!
879,Not a fan of Palmer but felt sorry for him today.
880,can you get to jump on to milk and Lava
881,"I dont think renault should decide on their lineup until later this year, not until Palmer actually finishes some races so they can see his pace. Ik hes been slower than hulkenberg in quali and races hes finished, but honestly thats not been many races cuz hes had more reliability issues than verstappen this year, and thats saying something. Once he finishes some races without reliability issues then renault should evaluate their drivers for next year."
882,"He's had quite a few reliability issues this year. He has been slow, but man he's getting so unlucky"
883,I don't :)
884,Morw like for every races haha
885,Again a retirement caused by me...
886,"No, you not. You finished 15th on that race"
887,@Scott R here waiting for 2020 Sochi gan.
888,Torpedo strikes again
889,Its ok
890,I watched the video of the accident on f1 com and on the 36-37 second you can see that Kvyat was catching the car from skidding. He turned the steering wheel to the right completely for a split second and then Sainz jumped out of there ... There is nothing you could do. The judges' decision on the penalty points is stupidity. This is a racing incident. And that's all. Bad luck continues
891,Man those Mercedes are overpowered...
892,Will everyone stop hating on Hamilton. The Hamilton-Vettel battle will be looked back upon as one of the greats. We need to appreciate it now before its too late!
893,"well, the battle is over, Hamilton ha got this one... Mercedes is faster than Ferrari now, its not like the start of the season anymore... Mercedes has outpaced Ferrari in both quali and race so by the end of Hungary Lewis will be leading the championship and Bottas is going to be his closest rival from now on"
894,mrmarvel8 yes plus 3 world championships
895,Yup. Another racist moron making f1 fans look idiotic. Or maybe it is just the majority of the ones with yt accounts and who have nothing better to do than write out their frustration to the internet
896,"Hamilton is a whiny little emo bitch.

He's like a woman on her rags when something doesn't go his way."
897,What are you on about? Vettel leads by one point so how does Merc have the better car??
898,"The Toro Rosso drivers drove completely playstationed. The Mercedes drivers and Hulk did a great job today, however I felt also sorry for Ferrari."
899,I feel sorry for Kimi not for Vettel
900,"F1 from Codemasters is sim-cade, not a simulator"
901,Turn the racing line off then we will talk
902,yeah but unlike you I don't use any assists
903,Daniil Kvyat Which I'm also better at
904,Vettel maybe I can teach you something about tyres strategy
905,MrCrafty ğŸ˜‚
906,grow up kids ğŸ¤£ğŸ¤£ğŸ¤£
907,"Arkos39 If that was not fair, nothing is"
908,Nah he'd rather ask Ricci
909,CITIZEN CALCULATOR you think you're slick
910,"To the F1 channel, block the people impersonating the drivers"
911,"Eddie Russell yeh keep using 'gay' when you're talking about something bad, homophobic kiddo"
912,UKFreedomFighters it's really not comical. It's just gay as shit
913,Why? Its quite comical to see and anyone with half a functioning brain cell can see that they are fake.
914,indeed its fun :D loving that :D sometimes they come up with a good joke :D
915,Stop crying about it and ignore them
916,Heeey. The torpedo strikes again for the second weekend in a row.
917,Alvian Christian  or vettel
918,maybe you can do it for hamilton later ğŸ˜„
919,"Keep that up in Hungary, maybe with Hamilton ğŸ˜‰"
920,"Wehrlein has more points than you, torpedo! Change the target!"
921,Daniil Kvyat Keep doing that and Haas will over take you guys
922,"McLaren:Wow new spec engine this race will be perfect!




3:10 Fernando:No power!"
923,BlaZeY22 I
924,Yes it is very upsetting for me.
925,Oh im not someone who comments about driver impersonaters
926,Where is HÃ¼lkenbergs move around the outside of Ocon on the first lap?
927,Scuderia Ferrari are the Real Madrid of F1! 16 constructors championships and 12 Champions League titles!
928,Was that Woody Harrelson?
929,GP2 Engine.. GP2... ARGH
930,"As almost nobody knows, Kvyat had the same driving coach in his youth as Pastor Maldonado had"
931,They never came back with complaints so he must be doing something right!
932,AffenSindCoolxD Did this driving instructor used to teach Japanese pilots during the war?
933,Really felt bad for Kimi :(
934,Same
935,"+Salty Bicuits    C'mon.....  Hamilton was just coasting,  he'd have an answer on Kimi's pace. RaikkÃ¶nen was a very slow overtaker last season."
936,"Firemarioflower Oh but he was, before the puncture xD"
937,"+MNM   Dream on,  that slowpoke would have NEVER caught Lewis."
938,Kimi got worse because he would of been P2 or even P1 if he was fast enough and if he was P1 he would of won a grand Prix and he would be happy. And the last time he won a grand Prix was in 2013 so there be happy for Kimi. Bethel has won lots of grand Prix so I felt very bad for Kimi.
939,i love F1
940,gerx games ğŸ‘
941,1:10 - KVYAT = CYKA BLIAT
942,Cyka Kvyat
943,ĞĞ°Ñ… ÑˆĞµĞ»! ĞŸĞ¾Ğ½Ğ°ĞµÑ…Ğ°Ğ»Ğ¸ Ñ‚ÑƒÑ‚
944,The torpedo back at it again
945,"he constantly crashes into people by accident, rendering them out of the race"
946,Why do they call him The Torpedo?
947,"Wasn't a classic but the sudden unpredictability at the end was crazy (and gutting for me) to watch! 
Congrats to LH for a dominant win in front of his home crowd! 
But Ferrari will take it in Hungary!"
948,"With Lewis' record?

Areyousureaboutthat.jpeg"
949,"Very exciting race! Battle between Max&Seb, Seb&Valtteri and ferrari's last laps drama showed that. Can't wait 2 weeks to Hungary, just can't."
950,max27stoner you cannot be a Ferrari fan
951,unbelievable sauber pushed me off the track!
952,I think erricson hit us
953,Hahahahahahaha as soon as I read your name I bursted into a laugh ğŸ˜‚
954,That Sauber driver what a what a mental guy
955,How is that funny in any way and why does that shit get so many upvotes?!??!?!
956,Romain Croissant Oui mon bagguette!
957,"Why isn't Alonso from Finland?





Because he cant Finnish"
958,"@Victoria Lane-McDuffy lllll

 
ğŸ˜™ğŸ˜™ğŸ˜…lkki"
959,@Jason Lee hi jason did u watch this too waiting for hype in 2020??
960,ğŸ˜‚ğŸ˜‚
961,"Being 1st in Q1, Starting the race on last row and not finishing the race.

Absolutely brilliant ğŸ»"
962,ğŸ˜„ğŸ˜„ğŸ˜„ğŸ˜„ğŸ˜„ğŸ˜„ğŸ˜„ğŸ˜ğŸ˜ğŸ˜ğŸ˜ğŸ˜„ğŸ˜„ğŸ˜„ğŸ˜„ğŸ˜ğŸ¤£ğŸ¤£ğŸ¤£ğŸ¤£ğŸ¤£ğŸ¤£ğŸ¤£ğŸ¤£ğŸ˜†ğŸ˜ğŸ˜ğŸ˜ğŸ˜„ğŸ˜„ğŸ˜„ğŸ˜„ğŸ˜ƒğŸ˜€
963,9th
964,how many likes can we get for the new Pastor Maldonado Daniil Kyvat
965,Dantor Kvyonado...
966,"Ferrari should bring Alonso back,might be more interesting do you think?"
967,No HD?
968,"HONESTLY, WHERE IS THE BLUE FLAG?"
969,Pastor Maldonado you should crash hamilton
970,Honestly where is your crashing people out
971,it's your fault
972,Pastor Maldonado Hi Kvya... sorry Maldonado
973,1:14 TORPEDO!!!!
974,Pierre Gasly is coming to Toro Rosso in 3...2...1...
975,lol
976,GURken not judging by his performance in FE
977,No Name no renaults team boss denied that already
978,Is Kyvyat the New Maldonado
979,Kvyat should work at McDonald's with all the constant drive thrus.
980,Ha ha I get it XD
981,the car is milk
982,comment of the day :D
983,+CITIZEN CALCULATOR I think the real loser is the one upset about it
984,He would tell you that he was racing...
985,Bwoah what the fuk is this tire doing
986,"""the tire broke"" , lol"
987,What are we doing. Making fake accounts pretending to be the drivers or ping pong?
988,bax miaggi kyat is playing ping pong thats for sure
989,Kenny McCormick ik
990,Abbey Harris unlimited access the
991,Abbey Harris Spam bot
992,u dying today too huh Kenny?
993,#rippalmer
994,minimal talking smh
995,"Lewis, Palmer & all the other drivers pls comment my comment :)"
996,"Lewis Hamilton I really ğŸ’“ you since 24 October 2016, once I saw you win the 50th win in USA... Now, I realize that you're the best idol of mine forever and I have regretted hating you after 10 years since 2007! (Astaghfirullahalazim... Please forgive me, Ya Allah! ğŸ˜­).

Now, I have 5 great idols in my life:
1. Bill Gates (computing).
2. You (sports).
3. Hafiz Hamidun (music).
4. Syamsul Yusof (filming).
5. Ustaz Don (religion)."
997,Lewis Hamilton i Hope that you're going to be WDC bro :D
998,Oggi93 I'll be WDC 2017ğŸ’ªğŸ¾ğŸ’ªğŸ¾
999,I know i just think its funny :D
1000,They are all fake accounts to impersonate the drivers
1001,Don't let the fact that Vettel finished 7th distract you from the fact that Verstappen finished a race
1002,Hulkenberg should of have been driver of the day
1003,Guys imagine how good F1 would be without Mercedes.  for sure much better
1004,Felipe Massa You escaped me this time but I'll get you in Budapest.
1005,"Felipe Massa (Fake), that would have been all drivers going at 30 miles/hour' Fantastico!"
1006,Felipe Massa Without Mercedes you won't have an engine
1007,"Doug T It's the best on the grid, most reliable too"
1008,"JLV Recordings world class engine, lul."
1009,Massive understeer
1010,Hey palmer did okay toda......... Oh..
1011,"Fast, faster, fastest, hamilton"
1012,Firemarioflower I donâ€™t want a argument but your calling us â€œunlikeableâ€ when openly insulting millions of people! Doesnâ€™t that make you seem more unlikable
1013,"+Entregan  Because he's an unlikeable turd,  like you and all his other fanboys."
1014,Jorn De Monnink fast faster fastest Mercedes
1015,Honestly... One more lap...
1016,@Finkel - Funk hi finkel. This 2017 British GP took place after the 16th episode of Aikatsu On Parade Season 1 and Aikatsu Planet episode 5.
1017,@Reno SalujÃµe hi reno. 2021 F1 season is 24 more days.
1018,@Victoria Lane-McDuffy you must be fun at parties
1019,@Reno SalujÃµe 7 more laps please.
1020,Please make one for Hamilton'sğŸ˜ğŸ˜ğŸ˜And Bottas' and Sainz's.
1021,"You would not believe your eyes
If Ferrari blew their tires"
1022,torro rosso bowls avain
1023,Why the 360p
1024,Kvyat is so bad
1025,@Gemma Lally It's the other way around x) Give Kvyat another chance with Gasly's seat
1026,@Nico 9138 this didn't age well  ğŸ˜‚ğŸ˜‚ğŸ˜‚
1027,Nico 9138 predicted the future
1028,Saints should have avoided him.
1029,Niclas Schmitt I've said this for ages. It's actually painful to watch himğŸ˜‚
1030,"""My front tyre brake checked me"" - sebastion vettel"
1031,@Originale 21 What success? ğŸ˜‚ğŸ˜‚ğŸ˜‚ğŸ˜‚
1032,"His left front tire did unexpectedly stop moving when he locked it up defending from Bottas, so you could say that it did brake check him..."
1033,"Paulo Monteiro if vettel was treated like any other driver and got DQ'd for hitting another driver on purpose then lewis would be miles behind, dont matter though because its going to make lewis' win even better."
1034,FERRARI ARE THE CHILDREN OF F.I.A! Ur name is very true
1035,FERRARI ARE THE CHILDREN OF F.I.A! Mercedes have the best car and yet Bottleton is still behind in the championship. Easy
1036,"Vettel is now over ping pong, his new favourite game is bumper cars"
1037,"LOL at 2:14, Vettel tried to bump Verstappen off the track. And Verstappen did the exact same thing to Vettel. Guess who's mad. $:13 as well, pushing Bottas off the track."
1038,anotherone10 ikr
1039,ğŸ˜‚ğŸ˜‚ğŸ˜‚ğŸ˜‚ğŸ˜‚
1040,ğŸ˜‚ğŸ˜‚ğŸ˜‚
1041,anotherone10 fucking fanboy of lewis False
1042,sfm Jew cm
1043,"""Bwoah f***ing puncture"" Kimi 2017"
1044,my personal driver of the day: Max Verstappen
1045,"Car Guy its not 'dangerous' its just that he is very smart to find a way to defend and attack. also, whats wrong with my username? I have the rights to like someone. its people's personal choices you dumbass"
1046,"Look at your username ffs. Verstappen is arrogant and always finds a way to blame other people. Oh and he's driving style is dangerous. Lastly, how the fuck could you even consider him for driver of the day for his pure performance?"
1047,"Car Guy We are not Verstappen fanboys, you are a Verstappen hater"
1048,"Jesus you verstappen fanboys are annoying. If someone was driver of the day, it should be hulkenberg, rÃ¤ikkÃ¶nen, hamilton or bottas"
1049,"Kamso 
No, in my opinion he was the best driver."
1050,first
1051,Bottas is going to be Champ
1052,Eemeli Akselin Why do you always condemn my favorite driver Hamilton? What's his sins?
1053,"Car Guy i hate Hamilton because I find him to be a phony and an hypocrite. as you can see, I have reasons to hate him, it's not 'automatic' or just because I like Vettel. why are you so mad? I'm sure you have preferences too..."
1054,Why do you hate hamilton? Just because you like vettel a bit more so you automatically have to hate him? I'd get it if you hated verstappen or kvyat
1055,pine pine I hate Lewis too
1056,"mercedes is my favourite team, vettel my favourite driver. also, love bottas and hate hamilton.  let's see what happens."
1057,We Want baku back
1058,"Niclas Schmitt If every race was like Baku we wouldn't appreciate it anymore. Besides, this was objectively a great race."
1059,Niclas Schmitt No!
1060,Hey I'm not an f1 driver impersonator! What a surprise
1061,IQ's Shoes *T H I C C*
1062,Char The Lizard wow I didn't expect to find another siege player on this
1063,You're a pair of shoes from a German T H I C C operator. I don't know if that's better or worse. Maybe I should make the Blitz's Earmuffs account
1064,"Helmut you should be in bed, tomorrow you have a job performance review with torpedo. You know what to do..."
1065,Dr. Helmut Marko thanks!
1066,Nice Vine
1067,Bwoahttas for the champ!
1068,Again
1069,FIRST
1070,First.
1071,First
1072,"Ricciardo â€”> Shoey
Hamilton â€”> Phoney
Raikkonen â€”> Bwoooaahy
 
Whats next?"
1073,Ferrari- Flat tyrey.
1074,Vettel --> bumper carsy
1075,Verstappen -> Ping-Pongey
1076,Verstappen --> McHonda syndrome...
1077,Vettel â€”> Whiney
1078,1st
